"","Subspecies_And_Variants_TSN","Species_TSN","Genus_TSN","Family_TSN","Subspecies_And_Variants_Choice","Species_Choice","Genus_Choice","Family_Choice","Species_Sci","Species_Com","Family_Sci","Family_Com","Genus_Sci","Genus_Com","Species","Subspecies_Variant_Sci","Subspecies_Variant_Com","Hybrid"
"1","NULL","161071","161065","161064",NA,"Acipenser fulvescens (Lake Sturgeon)","Acipenser (Greater Sturgeons)","Acipenseridae (Sturgeons)","Acipenser fulvescens","Lake Sturgeon","Acipenseridae","Sturgeons","Acipenser","Greater Sturgeons","fulvescens",NA,NA,NA
"2","NULL","161068","161065","161064",NA,"Acipenser transmontanus (White Sturgeon)","Acipenser (Greater Sturgeons)","Acipenseridae (Sturgeons)","Acipenser transmontanus","White Sturgeon","Acipenseridae","Sturgeons","Acipenser","Greater Sturgeons","transmontanus",NA,NA,NA
"3","NULL","161081","161080","161064",NA,"Scaphirhynchus albus (Pallid Sturgeon)","Scaphirhynchus (Sturgeons-Scaphirhynchus)","Acipenseridae (Sturgeons)","Scaphirhynchus albus","Pallid Sturgeon","Acipenseridae","Sturgeons","Scaphirhynchus","Sturgeons-Scaphirhynchus","albus",NA,NA,NA
"4","NULL","161082","161080","161064",NA,"Scaphirhynchus platorynchus (Shovelnose Sturgeon)","Scaphirhynchus (Sturgeons-Scaphirhynchus)","Acipenseridae (Sturgeons)","Scaphirhynchus platorynchus","Shovelnose Sturgeon","Acipenseridae","Sturgeons","Scaphirhynchus","Sturgeons-Scaphirhynchus","platorynchus",NA,NA,NA
"5","NULL","161104","161103","161102",NA,"Amia calva (Bowfin)","Amia (Bowfin-Genus)","Amiidae (Bowfin-Family)","Amia calva","Bowfin","Amiidae","Bowfin-Family","Amia","Bowfin-Genus","calva",NA,NA,NA
"6","NULL","161127","161126","161125",NA,"Anguilla rostrata (American Eel)","Anguilla (Eels-Genus)","Anguillidae (Eels-Family)","Anguilla rostrata","American Eel","Anguillidae","Eels-Family","Anguilla","Eels-Genus","rostrata",NA,NA,NA
"7","NULL","679689","553264","164279",NA,"Hoplosternum littorale (Brown Hoplo)","Hoplosternum (Armored Catifshes-Hoplosternum)","Callichthyidae (Armored Catfishes)","Hoplosternum littorale","Brown Hoplo","Callichthyidae","Armored Catfishes","Hoplosternum","Armored Catifshes-Hoplosternum","littorale",NA,NA,NA
"8","NULL","163919","163916","163892",NA,"Carpiodes carpio (River Carpsucker)","Carpiodes (Carpsuckers)","Catostomidae (Suckers)","Carpiodes carpio","River Carpsucker","Catostomidae","Suckers","Carpiodes","Carpsuckers","carpio",NA,NA,NA
"9","NULL","163917","163916","163892",NA,"Carpiodes cyprinus (Quillback)","Carpiodes (Carpsuckers)","Catostomidae (Suckers)","Carpiodes cyprinus","Quillback","Catostomidae","Suckers","Carpiodes","Carpsuckers","cyprinus",NA,NA,NA
"10","NULL","163920","163916","163892",NA,"Carpiodes velifer (Highfin Carpsucker)","Carpiodes (Carpsuckers)","Catostomidae (Suckers)","Carpiodes velifer","Highfin Carpsucker","Catostomidae","Suckers","Carpiodes","Carpsuckers","velifer",NA,NA,NA
"11","NULL","163899","163893","163892",NA,"Catostomus ardens (Utah Sucker)","Catostomus (Common Suckers)","Catostomidae (Suckers)","Catostomus ardens","Utah Sucker","Catostomidae","Suckers","Catostomus","Common Suckers","ardens",NA,NA,NA
"12","NULL","163894","163893","163892",NA,"Catostomus catostomus (Longnose Sucker)","Catostomus (Common Suckers)","Catostomidae (Suckers)","Catostomus catostomus","Longnose Sucker","Catostomidae","Suckers","Catostomus","Common Suckers","catostomus",NA,NA,NA
"13","NULL","553273","163893","163892",NA,"Catostomus commersonii (White Sucker)","Catostomus (Common Suckers)","Catostomidae (Suckers)","Catostomus commersonii","White Sucker","Catostomidae","Suckers","Catostomus","Common Suckers","commersonii",NA,NA,NA
"14","NULL","163896","163893","163892",NA,"Catostomus macrocheilus (Largescale Sucker)","Catostomus (Common Suckers)","Catostomidae (Suckers)","Catostomus macrocheilus","Largescale Sucker","Catostomidae","Suckers","Catostomus","Common Suckers","macrocheilus",NA,NA,NA
"15","NULL","163953","163952","163892",NA,"Cycleptus elongatus (Blue Sucker)","Cycleptus (Blue Suckers)","Catostomidae (Suckers)","Cycleptus elongatus","Blue Sucker","Catostomidae","Suckers","Cycleptus","Blue Suckers","elongatus",NA,NA,NA
"16","NULL","163955","163954","163892",NA,"Ictiobus bubalus (Smallmouth Buffalo)","Ictiobus (Buffaloes)","Catostomidae (Suckers)","Ictiobus bubalus","Smallmouth Buffalo","Catostomidae","Suckers","Ictiobus","Buffaloes","bubalus",NA,NA,NA
"17","NULL","163956","163954","163892",NA,"Ictiobus cyprinellus (Bigmouth Buffalo)","Ictiobus (Buffaloes)","Catostomidae (Suckers)","Ictiobus cyprinellus","Bigmouth Buffalo","Catostomidae","Suckers","Ictiobus","Buffaloes","cyprinellus",NA,NA,NA
"18","NULL","163957","163954","163892",NA,"Ictiobus niger (Black Buffalo)","Ictiobus (Buffaloes)","Catostomidae (Suckers)","Ictiobus niger","Black Buffalo","Catostomidae","Suckers","Ictiobus","Buffaloes","niger",NA,NA,NA
"19","NULL","163933","163927","163892",NA,"Moxostoma anisurum (Silver Redhorse)","Moxostoma (Redhorses)","Catostomidae (Suckers)","Moxostoma anisurum","Silver Redhorse","Catostomidae","Suckers","Moxostoma","Redhorses","anisurum",NA,NA,NA
"20","NULL","163929","163927","163892",NA,"Moxostoma breviceps (Smallmouth Redhorse)","Moxostoma (Redhorses)","Catostomidae (Suckers)","Moxostoma breviceps","Smallmouth Redhorse","Catostomidae","Suckers","Moxostoma","Redhorses","breviceps",NA,NA,NA
"21","NULL","163936","163927","163892",NA,"Moxostoma carinatum (River Redhorse)","Moxostoma (Redhorses)","Catostomidae (Suckers)","Moxostoma carinatum","River Redhorse","Catostomidae","Suckers","Moxostoma","Redhorses","carinatum",NA,NA,NA
"22","NULL","163938","163927","163892",NA,"Moxostoma duquesnei (Black Redhorse)","Moxostoma (Redhorses)","Catostomidae (Suckers)","Moxostoma duquesnei","Black Redhorse","Catostomidae","Suckers","Moxostoma","Redhorses","duquesnei",NA,NA,NA
"23","NULL","163939","163927","163892",NA,"Moxostoma erythrurum (Golden Redhorse)","Moxostoma (Redhorses)","Catostomidae (Suckers)","Moxostoma erythrurum","Golden Redhorse","Catostomidae","Suckers","Moxostoma","Redhorses","erythrurum",NA,NA,NA
"24","NULL","163928","163927","163892",NA,"Moxostoma macrolepidotum (Shorthead Redhorse)","Moxostoma (Redhorses)","Catostomidae (Suckers)","Moxostoma macrolepidotum","Shorthead Redhorse","Catostomidae","Suckers","Moxostoma","Redhorses","macrolepidotum",NA,NA,NA
"25","NULL","163947","163927","163892",NA,"Moxostoma valenciennesi (Greater Redhorse)","Moxostoma (Redhorses)","Catostomidae (Suckers)","Moxostoma valenciennesi","Greater Redhorse","Catostomidae","Suckers","Moxostoma","Redhorses","valenciennesi",NA,NA,NA
"26","NULL","168097","168096","168093",NA,"Ambloplites rupestris (Rock Bass)","Ambloplites (Rock Basses)","Centrarchidae (Sunfishes)","Ambloplites rupestris","Rock Bass","Centrarchidae","Sunfishes","Ambloplites","Rock Basses","rupestris",NA,NA,NA
"27","NULL","168102","168101","168093",NA,"Centrarchus macropterus (Flier)","Centrarchus (Flier-Genus)","Centrarchidae (Sunfishes)","Centrarchus macropterus","Flier","Centrarchidae","Sunfishes","Centrarchus","Flier-Genus","macropterus",NA,NA,NA
"28","NULL","168131","168130","168093",NA,"Lepomis auritus (Redbreast Sunfish)","Lepomis (Common Sunfishes)","Centrarchidae (Sunfishes)","Lepomis auritus","Redbreast Sunfish","Centrarchidae","Sunfishes","Lepomis","Common Sunfishes","auritus",NA,NA,NA
"29","NULL","168132","168130","168093",NA,"Lepomis cyanellus (Green Sunfish)","Lepomis (Common Sunfishes)","Centrarchidae (Sunfishes)","Lepomis cyanellus","Green Sunfish","Centrarchidae","Sunfishes","Lepomis","Common Sunfishes","cyanellus",NA,NA,NA
"30","NULL","Missing","168130","168093",NA,"Lepomis cyanellus*humilis (Green-Orangespotted Sunfish (Hybrid))","Lepomis (Common Sunfishes)","Centrarchidae (Sunfishes)","Lepomis cyanellus*humilis","Green-Orangespotted Sunfish (Hybrid)","Centrarchidae","Sunfishes","Lepomis","Common Sunfishes","cyanellus*humilis",NA,NA,"Hybrid"
"31","NULL","Missing","168130","168093",NA,"Lepomis cyanellus*unknown (Green-Unknown Sunfish (Hybrid))","Lepomis (Common Sunfishes)","Centrarchidae (Sunfishes)","Lepomis cyanellus*unknown","Green-Unknown Sunfish (Hybrid)","Centrarchidae","Sunfishes","Lepomis","Common Sunfishes","cyanellus*unknown",NA,NA,"Hybrid"
"32","NULL","168144","168130","168093",NA,"Lepomis gibbosus (Pumpkinseed Sunfish)","Lepomis (Common Sunfishes)","Centrarchidae (Sunfishes)","Lepomis gibbosus","Pumpkinseed Sunfish","Centrarchidae","Sunfishes","Lepomis","Common Sunfishes","gibbosus",NA,NA,NA
"33","NULL","168138","168130","168093",NA,"Lepomis gulosus (Warmouth)","Lepomis (Common Sunfishes)","Centrarchidae (Sunfishes)","Lepomis gulosus","Warmouth","Centrarchidae","Sunfishes","Lepomis","Common Sunfishes","gulosus",NA,NA,NA
"34","NULL","168151","168130","168093",NA,"Lepomis humilis (Orangespotted Sunfish)","Lepomis (Common Sunfishes)","Centrarchidae (Sunfishes)","Lepomis humilis","Orangespotted Sunfish","Centrarchidae","Sunfishes","Lepomis","Common Sunfishes","humilis",NA,NA,NA
"35","NULL","168141","168130","168093",NA,"Lepomis macrochirus (Bluegill)","Lepomis (Common Sunfishes)","Centrarchidae (Sunfishes)","Lepomis macrochirus","Bluegill","Centrarchidae","Sunfishes","Lepomis","Common Sunfishes","macrochirus",NA,NA,NA
"36","NULL","Missing","168130","168093",NA,"Lepomis macrochirus*cyanellus (Bluegill-Green Sunfish (Hybrid))","Lepomis (Common Sunfishes)","Centrarchidae (Sunfishes)","Lepomis macrochirus*cyanellus","Bluegill-Green Sunfish (Hybrid)","Centrarchidae","Sunfishes","Lepomis","Common Sunfishes","macrochirus*cyanellus",NA,NA,"Hybrid"
"37","NULL","Missing","168130","168093",NA,"Lepomis macrochirus*gibbosus (Bluegill-Pumpkinseed Sunfish (Hybrid))","Lepomis (Common Sunfishes)","Centrarchidae (Sunfishes)","Lepomis macrochirus*gibbosus","Bluegill-Pumpkinseed Sunfish (Hybrid)","Centrarchidae","Sunfishes","Lepomis","Common Sunfishes","macrochirus*gibbosus",NA,NA,"Hybrid"
"38","NULL","Missing","168130","168093",NA,"Lepomis macrochirus*microlophus (Bluegill-Redear Sunfish (Hybrid))","Lepomis (Common Sunfishes)","Centrarchidae (Sunfishes)","Lepomis macrochirus*microlophus","Bluegill-Redear Sunfish (Hybrid)","Centrarchidae","Sunfishes","Lepomis","Common Sunfishes","macrochirus*microlophus",NA,NA,"Hybrid"
"39","NULL","168153","168130","168093",NA,"Lepomis megalotis (Longear Sunfish)","Lepomis (Common Sunfishes)","Centrarchidae (Sunfishes)","Lepomis megalotis","Longear Sunfish","Centrarchidae","Sunfishes","Lepomis","Common Sunfishes","megalotis",NA,NA,NA
"40","NULL","168154","168130","168093",NA,"Lepomis microlophus (Redear Sunfish)","Lepomis (Common Sunfishes)","Centrarchidae (Sunfishes)","Lepomis microlophus","Redear Sunfish","Centrarchidae","Sunfishes","Lepomis","Common Sunfishes","microlophus",NA,NA,NA
"41","NULL","168155","168130","168093",NA,"Lepomis punctatus (Spotted Sunfish)","Lepomis (Common Sunfishes)","Centrarchidae (Sunfishes)","Lepomis punctatus","Spotted Sunfish","Centrarchidae","Sunfishes","Lepomis","Common Sunfishes","punctatus",NA,NA,NA
"42","NULL","Missing","168130","168093",NA,"Lepomis unknown*unknown (Lepomis Hybrid)","Lepomis (Common Sunfishes)","Centrarchidae (Sunfishes)","Lepomis unknown*unknown","Lepomis Hybrid","Centrarchidae","Sunfishes","Lepomis","Common Sunfishes","unknown*unknown",NA,NA,"Hybrid"
"43","NULL","168163","168158","168093",NA,"Micropterus coosae (Coosa Bass)","Micropterus (Black Basses)","Centrarchidae (Sunfishes)","Micropterus coosae","Coosa Bass","Centrarchidae","Sunfishes","Micropterus","Black Basses","coosae",NA,NA,NA
"44","NULL","550562","168158","168093",NA,"Micropterus dolomieu (Smallmouth Bass)","Micropterus (Black Basses)","Centrarchidae (Sunfishes)","Micropterus dolomieu","Smallmouth Bass","Centrarchidae","Sunfishes","Micropterus","Black Basses","dolomieu",NA,NA,NA
"45","NULL","1159345","168158","168093",NA,"Micropterus henshalli (Alabama Bass)","Micropterus (Black Basses)","Centrarchidae (Sunfishes)","Micropterus henshalli","Alabama Bass","Centrarchidae","Sunfishes","Micropterus","Black Basses","henshalli",NA,NA,NA
"46","NULL","168164","168158","168093",NA,"Micropterus notius (Suwannee Bass)","Micropterus (Black Basses)","Centrarchidae (Sunfishes)","Micropterus notius","Suwannee Bass","Centrarchidae","Sunfishes","Micropterus","Black Basses","notius",NA,NA,NA
"47","NULL","168161","168158","168093",NA,"Micropterus punctulatus (Spotted Bass)","Micropterus (Black Basses)","Centrarchidae (Sunfishes)","Micropterus punctulatus","Spotted Bass","Centrarchidae","Sunfishes","Micropterus","Black Basses","punctulatus",NA,NA,NA
"48","NULL","168160","168158","168093",NA,"Micropterus salmoides (Largemouth Bass)","Micropterus (Black Basses)","Centrarchidae (Sunfishes)","Micropterus salmoides","Largemouth Bass","Centrarchidae","Sunfishes","Micropterus","Black Basses","salmoides",NA,NA,NA
"49","Missing","168160","168158","168093","Micropterus salmoides (Sharelunker (TX))","Micropterus salmoides (Largemouth Bass)","Micropterus (Black Basses)","Centrarchidae (Sunfishes)","Micropterus salmoides","Largemouth Bass","Centrarchidae","Sunfishes","Micropterus","Black Basses","salmoides",NA,"Sharelunker (TX)",NA
"50","Missing","168160","168158","168093","Micropterus salmoides (Tournament)","Micropterus salmoides (Largemouth Bass)","Micropterus (Black Basses)","Centrarchidae (Sunfishes)","Micropterus salmoides","Largemouth Bass","Centrarchidae","Sunfishes","Micropterus","Black Basses","salmoides",NA,"Tournament",NA
"51","NULL","168166","168165","168093",NA,"Pomoxis annularis (White Crappie)","Pomoxis (Crappies)","Centrarchidae (Sunfishes)","Pomoxis annularis","White Crappie","Centrarchidae","Sunfishes","Pomoxis","Crappies","annularis",NA,NA,NA
"52","NULL","168167","168165","168093",NA,"Pomoxis nigromaculatus (Black Crappie)","Pomoxis (Crappies)","Centrarchidae (Sunfishes)","Pomoxis nigromaculatus","Black Crappie","Centrarchidae","Sunfishes","Pomoxis","Crappies","nigromaculatus",NA,NA,NA
"53","Missing","168167","168165","168093","Pomoxis nigromaculatus (Blacknose Crappie)","Pomoxis nigromaculatus (Black Crappie)","Pomoxis (Crappies)","Centrarchidae (Sunfishes)","Pomoxis nigromaculatus","Black Crappie","Centrarchidae","Sunfishes","Pomoxis","Crappies","nigromaculatus",NA,"Blacknose Crappie",NA
"54","NULL","Missing","168165","168093",NA,"Pomoxis nigromaculatus*annularis (Black-White Crappie (Hybrid))","Pomoxis (Crappies)","Centrarchidae (Sunfishes)","Pomoxis nigromaculatus*annularis","Black-White Crappie (Hybrid)","Centrarchidae","Sunfishes","Pomoxis","Crappies","nigromaculatus*annularis",NA,NA,"Hybrid"
"55","NULL","166680","166662","166661",NA,"Channa argus (Northern Snakehead)","Channa (Snakeheads (Asian))","Channidae (Snakeheads (Family))","Channa argus","Northern Snakehead","Channidae","Snakeheads (Family)","Channa","Snakeheads (Asian)","argus",NA,NA,NA
"56","NULL","169772","169771","169770",NA,"Astronotus  ocellatus (Oscar)","Astronotus  (Oscars)","Cichlidae (Cichlids)","Astronotus  ocellatus","Oscar","Cichlidae","Cichlids","Astronotus","Oscars","ocellatus",NA,NA,NA
"57","NULL","169857","169856","169770",NA,"Cichla Ocellaris (Peacock Bass)","Cichla (Peacock Basses)","Cichlidae (Cichlids)","Cichla Ocellaris","Peacock Bass","Cichlidae","Cichlids","Cichla","Peacock Basses","Ocellaris",NA,NA,NA
"58","NULL","649465","169774","169770",NA,"Cichlasoma urophthalmus (Mayan Cichlid)","Cichlasoma (Cichlid-Cichlasoma)","Cichlidae (Cichlids)","Cichlasoma urophthalmus","Mayan Cichlid","Cichlidae","Cichlids","Cichlasoma","Cichlid-Cichlasoma","urophthalmus",NA,NA,NA
"59","NULL","553308","170014","169770",NA,"Oreochromis aureus (Blue Tilapia)","Oreochromis (Tilapias-Oreochromis)","Cichlidae (Cichlids)","Oreochromis aureus","Blue Tilapia","Cichlidae","Cichlids","Oreochromis","Tilapias-Oreochromis","aureus",NA,NA,NA
"60","NULL","170015","170014","169770",NA,"Oreochromis mossambicus (Mozambique Tilapia)","Oreochromis (Tilapias-Oreochromis)","Cichlidae (Cichlids)","Oreochromis mossambicus","Mozambique Tilapia","Cichlidae","Cichlids","Oreochromis","Tilapias-Oreochromis","mossambicus",NA,NA,NA
"61","NULL","553310","170014","169770",NA,"Oreochromis niloticus (Nile Tilapia)","Oreochromis (Tilapias-Oreochromis)","Cichlidae (Cichlids)","Oreochromis niloticus","Nile Tilapia","Cichlidae","Cichlids","Oreochromis","Tilapias-Oreochromis","niloticus",NA,NA,NA
"62","NULL","169816","169809","169770",NA,"Tilapia rendalli (Redbreast Tilapia)","Tilapia (Cichlid-Tilapia)","Cichlidae (Cichlids)","Tilapia rendalli","Redbreast Tilapia","Cichlidae","Cichlids","Tilapia","Cichlid-Tilapia","rendalli",NA,NA,NA
"63","NULL","161703","161701","161700",NA,"Alosa aestivalis (Blueback Herring)","Alosa (Shads-Alosa)","Clupeidae (Herrings, Shads, Sardines, and Menhadens)","Alosa aestivalis","Blueback Herring","Clupeidae","Herrings, Shads, Sardines, and Menhadens","Alosa","Shads-Alosa","aestivalis",NA,NA,NA
"64","NULL","161707","161701","161700",NA,"Alosa chrysochloris (Skipjack Shad)","Alosa (Shads-Alosa)","Clupeidae (Herrings, Shads, Sardines, and Menhadens)","Alosa chrysochloris","Skipjack Shad","Clupeidae","Herrings, Shads, Sardines, and Menhadens","Alosa","Shads-Alosa","chrysochloris",NA,NA,NA
"65","NULL","161704","161701","161700",NA,"Alosa mediocris (Hickory Shad)","Alosa (Shads-Alosa)","Clupeidae (Herrings, Shads, Sardines, and Menhadens)","Alosa mediocris","Hickory Shad","Clupeidae","Herrings, Shads, Sardines, and Menhadens","Alosa","Shads-Alosa","mediocris",NA,NA,NA
"66","NULL","161706","161701","161700",NA,"Alosa pseudoharengus (Alewife)","Alosa (Shads-Alosa)","Clupeidae (Herrings, Shads, Sardines, and Menhadens)","Alosa pseudoharengus","Alewife","Clupeidae","Herrings, Shads, Sardines, and Menhadens","Alosa","Shads-Alosa","pseudoharengus",NA,NA,NA
"67","NULL","161702","161701","161700",NA,"Alosa sapidissima (American Shad)","Alosa (Shads-Alosa)","Clupeidae (Herrings, Shads, Sardines, and Menhadens)","Alosa sapidissima","American Shad","Clupeidae","Herrings, Shads, Sardines, and Menhadens","Alosa","Shads-Alosa","sapidissima",NA,NA,NA
"68","NULL","161722","161721","161700",NA,"Clupea harengus (Atlantic Herring)","Clupea (Herrings)","Clupeidae (Herrings, Shads, Sardines, and Menhadens)","Clupea harengus","Atlantic Herring","Clupeidae","Herrings, Shads, Sardines, and Menhadens","Clupea","Herrings","harengus",NA,NA,NA
"69","NULL","161737","161736","161700",NA,"Dorosoma cepedianum (Gizzard Shad)","Dorosoma (Shads-Dorosoma)","Clupeidae (Herrings, Shads, Sardines, and Menhadens)","Dorosoma cepedianum","Gizzard Shad","Clupeidae","Herrings, Shads, Sardines, and Menhadens","Dorosoma","Shads-Dorosoma","cepedianum",NA,NA,NA
"70","NULL","161738","161736","161700",NA,"Dorosoma petenense (Threadfin Shad)","Dorosoma (Shads-Dorosoma)","Clupeidae (Herrings, Shads, Sardines, and Menhadens)","Dorosoma petenense","Threadfin Shad","Clupeidae","Herrings, Shads, Sardines, and Menhadens","Dorosoma","Shads-Dorosoma","petenense",NA,NA,NA
"71","NULL","167237","167229","167196",NA,"Cottus bairdii (Mottled Sculpin)","Cottus (Freshwater Sculpins)","Cottidae (Sculpins)","Cottus bairdii","Mottled Sculpin","Cottidae","Sculpins","Cottus","Freshwater Sculpins","bairdii",NA,NA,NA
"72","NULL","163350","163349","163342",NA,"Carassius auratus (Goldfish)","Carassius (Goldfish-Genus)","Cyprinidae (Carps)","Carassius auratus","Goldfish","Cyprinidae","Carps","Carassius","Goldfish-Genus","auratus",NA,NA,NA
"73","NULL","163537","163536","163342",NA,"Ctenopharyngodon idella (Grass Carp)","Ctenopharyngodon (Grass Carp-Genus)","Cyprinidae (Carps)","Ctenopharyngodon idella","Grass Carp","Cyprinidae","Carps","Ctenopharyngodon","Grass Carp-Genus","idella",NA,NA,NA
"74","NULL","163344","163343","163342",NA,"Cyprinus carpio (Common Carp)","Cyprinus (Common Carp-Genus)","Cyprinidae (Carps)","Cyprinus carpio","Common Carp","Cyprinidae","Carps","Cyprinus","Common Carp-Genus","carpio",NA,NA,NA
"75","NULL","163691","163690","163342",NA,"Hypophthalmichthys molitrix (Silver Carp)","Hypophthalmichthys (Silver and Bighead Carp)","Cyprinidae (Carps)","Hypophthalmichthys molitrix","Silver Carp","Cyprinidae","Carps","Hypophthalmichthys","Silver and Bighead Carp","molitrix",NA,NA,NA
"76","NULL","163692","163690","163342",NA,"Hypophthalmichthys nobilis (Bighead Carp)","Hypophthalmichthys (Silver and Bighead Carp)","Cyprinidae (Carps)","Hypophthalmichthys nobilis","Bighead Carp","Cyprinidae","Carps","Hypophthalmichthys","Silver and Bighead Carp","nobilis",NA,NA,NA
"77","NULL","639618","638893","163342",NA,"Mylopharyngodon piceus (Black Carp)","Mylopharyngodon (Black Carp-Genus)","Cyprinidae (Carps)","Mylopharyngodon piceus","Black Carp","Cyprinidae","Carps","Mylopharyngodon","Black Carp-Genus","piceus",NA,NA,NA
"78","NULL","162140","162138","162137",NA,"Esox americanus (Grass Pickerel)","Esox (Pikes)","Esocidae (Pikes)","Esox americanus","Grass Pickerel","Esocidae","Pikes","Esox","Pikes","americanus",NA,NA,NA
"79","NULL","162139","162138","162137",NA,"Esox lucius (Northern Pike)","Esox (Pikes)","Esocidae (Pikes)","Esox lucius","Northern Pike","Esocidae","Pikes","Esox","Pikes","lucius",NA,NA,NA
"80","NULL","Missing","162138","162137",NA,"Esox lucius * masquinongy (Northern Pike-Muskellunge (Hybrid))","Esox (Pikes)","Esocidae (Pikes)","Esox lucius * masquinongy","Northern Pike-Muskellunge (Hybrid)","Esocidae","Pikes","Esox","Pikes","lucius * masquinongy",NA,NA,"Hybrid"
"81","NULL","Missing","162138","162137",NA,"Esox lucius*niger (Northern Pike-Chain Pickerel (Hybrid))","Esox (Pikes)","Esocidae (Pikes)","Esox lucius*niger","Northern Pike-Chain Pickerel (Hybrid)","Esocidae","Pikes","Esox","Pikes","lucius*niger",NA,NA,"Hybrid"
"82","NULL","162144","162138","162137",NA,"Esox masquinongy (Muskellunge)","Esox (Pikes)","Esocidae (Pikes)","Esox masquinongy","Muskellunge","Esocidae","Pikes","Esox","Pikes","masquinongy",NA,NA,NA
"83","NULL","162143","162138","162137",NA,"Esox niger (Chain Pickerel)","Esox (Pikes)","Esocidae (Pikes)","Esox niger","Chain Pickerel","Esocidae","Pikes","Esox","Pikes","niger",NA,NA,NA
"84","NULL","164725","164724","164701",NA,"Lota lota (Burbot)","Lota (Burbots)","Gadidae (Cods)","Lota lota","Burbot","Gadidae","Cods","Lota","Burbots","lota",NA,NA,NA
"85","NULL","172072","172067","171746",NA,"Neogobius melanostomus (Round Goby)","Neogobius (Round Gobies)","Gobiidae (Gobies)","Neogobius melanostomus","Round Goby","Gobiidae","Gobies","Neogobius","Round Gobies","melanostomus",NA,NA,NA
"86","NULL","161905","161904","161903",NA,"Hiodon alosoides (Goldeye)","Hiodon (Mooneyes-Genus)","Hiodontidae (Mooneyes-Family)","Hiodon alosoides","Goldeye","Hiodontidae","Mooneyes-Family","Hiodon","Mooneyes-Genus","alosoides",NA,NA,NA
"87","NULL","161906","161904","161903",NA,"Hiodon tergisus (Mooneye)","Hiodon (Mooneyes-Genus)","Hiodontidae (Mooneyes-Family)","Hiodon tergisus","Mooneye","Hiodontidae","Mooneyes-Family","Hiodon","Mooneyes-Genus","tergisus",NA,NA,NA
"88","NULL","164037","164034","163995",NA,"Ameiurus catus (White Catfish)","Ameiurus (Bullheads)","Ictaluridae (Catfishes)","Ameiurus catus","White Catfish","Ictaluridae","Catfishes","Ameiurus","Bullheads","catus",NA,NA,NA
"89","NULL","164039","164034","163995",NA,"Ameiurus melas (Black Bullhead)","Ameiurus (Bullheads)","Ictaluridae (Catfishes)","Ameiurus melas","Black Bullhead","Ictaluridae","Catfishes","Ameiurus","Bullheads","melas",NA,NA,NA
"90","NULL","164041","164034","163995",NA,"Ameiurus natalis (Yellow Bullhead)","Ameiurus (Bullheads)","Ictaluridae (Catfishes)","Ameiurus natalis","Yellow Bullhead","Ictaluridae","Catfishes","Ameiurus","Bullheads","natalis",NA,NA,NA
"91","NULL","164043","164034","163995",NA,"Ameiurus nebulosus (Brown Bullhead)","Ameiurus (Bullheads)","Ictaluridae (Catfishes)","Ameiurus nebulosus","Brown Bullhead","Ictaluridae","Catfishes","Ameiurus","Bullheads","nebulosus",NA,NA,NA
"92","NULL","163997","163996","163995",NA,"Ictalurus furcatus (Blue Catfish)","Ictalurus (Blue and Channel Catfish)","Ictaluridae (Catfishes)","Ictalurus furcatus","Blue Catfish","Ictaluridae","Catfishes","Ictalurus","Blue and Channel Catfish","furcatus",NA,NA,NA
"93","NULL","163998","163996","163995",NA,"Ictalurus punctatus (Channel Catfish)","Ictalurus (Blue and Channel Catfish)","Ictaluridae (Catfishes)","Ictalurus punctatus","Channel Catfish","Ictaluridae","Catfishes","Ictalurus","Blue and Channel Catfish","punctatus",NA,NA,NA
"94","NULL","Missing","163996","163995",NA,"Ictalurus punctatus * furcatus (Channel-Blue Catfish (Hybrid))","Ictalurus (Blue and Channel Catfish)","Ictaluridae (Catfishes)","Ictalurus punctatus * furcatus","Channel-Blue Catfish (Hybrid)","Ictaluridae","Catfishes","Ictalurus","Blue and Channel Catfish","punctatus * furcatus",NA,NA,"Hybrid"
"95","NULL","164013","164002","163995",NA,"Noturus flavus (Stonecat)","Noturus (Madtoms)","Ictaluridae (Catfishes)","Noturus flavus","Stonecat","Ictaluridae","Catfishes","Noturus","Madtoms","flavus",NA,NA,NA
"96","NULL","164029","164028","163995",NA,"Pylodictis olivaris (Flathead Catfish)","Pylodictis (Flathead Catfishes)","Ictaluridae (Catfishes)","Pylodictis olivaris","Flathead Catfish","Ictaluridae","Catfishes","Pylodictis","Flathead Catfishes","olivaris",NA,NA,NA
"97","NULL","201897","201896","161092",NA,"Atractosteus spatula (Alligator Gar)","Atractosteus (Alligator Gars)","Lepisosteidae (Gars)","Atractosteus spatula","Alligator Gar","Lepisosteidae","Gars","Atractosteus","Alligator Gars","spatula",NA,NA,NA
"98","NULL","161095","161093","161092",NA,"Lepisosteus platostomus (Shortnose Gar)","Lepisosteus (Slender Gars)","Lepisosteidae (Gars)","Lepisosteus platostomus","Shortnose Gar","Lepisosteidae","Gars","Lepisosteus","Slender Gars","platostomus",NA,NA,NA
"99","NULL","161095","161093","161092",NA,"Lepisosteus oculatus (Spotted Gar)","Lepisosteus (Slender Gars)","Lepisosteidae (Gars)","Lepisosteus oculatus","Spotted Gar","Lepisosteidae","Gars","Lepisosteus","Slender Gars","oculatus",NA,NA,NA
"100","NULL","161094","161093","161092",NA,"Lepisosteus osseus (Longnose Gar)","Lepisosteus (Slender Gars)","Lepisosteidae (Gars)","Lepisosteus osseus","Longnose Gar","Lepisosteidae","Gars","Lepisosteus","Slender Gars","osseus",NA,NA,NA
"101","NULL","163373","163370","1198935",NA,"Clinostomus elongatus (Redside Dace)","Clinostomus (Dace-Clinostomus)","Leuciscidae (Minnows)","Clinostomus elongatus","Redside Dace","Leuciscidae","Minnows","Clinostomus","Dace-Clinostomus","elongatus",NA,NA,NA
"102","NULL","163543","163541","1198935",NA,"Gila atraria (Utah Chub)","Gila (Western Chubs)","Leuciscidae (Minnows)","Gila atraria","Utah Chub","Leuciscidae","Minnows","Gila","Western Chubs","atraria",NA,NA,NA
"103","NULL","163836","163825","1198935",NA,"Luxilus cornutus (Common Shiner)","Luxilus (Highscale Shiners)","Leuciscidae (Minnows)","Luxilus cornutus","Common Shiner","Leuciscidae","Minnows","Luxilus","Highscale Shiners","cornutus",NA,NA,NA
"104","NULL","163368","163367","1198935",NA,"Notemigonus crysoleucas (Golden Shiner)","Notemigonus (Golden Shiner-Genus)","Leuciscidae (Minnows)","Notemigonus crysoleucas","Golden Shiner","Leuciscidae","Minnows","Notemigonus","Golden Shiner-Genus","crysoleucas",NA,NA,NA
"105","NULL","163404","163399","1198935",NA,"Notropis hudsonius (Spottail Shiner)","Notropis (Eastern Shiners)","Leuciscidae (Minnows)","Notropis hudsonius","Spottail Shiner","Leuciscidae","Minnows","Notropis","Eastern Shiners","hudsonius",NA,NA,NA
"106","NULL","163523","163522","1198935",NA,"Ptychocheilus oregonensis (Northern Pikeminnow)","Ptychocheilus (Pikeminnows)","Leuciscidae (Minnows)","Ptychocheilus oregonensis","Northern Pikeminnow","Leuciscidae","Minnows","Ptychocheilus","Pikeminnows","oregonensis",NA,NA,NA
"107","NULL","163528","163527","163342",NA,"Richardsonius balteatus (Redside Shiner)","Richardsonius (Redside Shiners)","Leuciscidae (Minnows)","Richardsonius balteatus","Redside Shiner","Leuciscidae","Minnows","Richardsonius","Redside Shiners","balteatus",NA,NA,NA
"108","NULL","163613","163612","1198935",NA,"Scardinius erythrophthalmus (Rudd)","Scardinius (Rudds)","Leuciscidae (Minnows)","Scardinius erythrophthalmus","Rudd","Leuciscidae","Minnows","Scardinius","Rudds","erythrophthalmus",NA,NA,NA
"109","NULL","163376","163374","1198935",NA,"Semotilus atromaculatus (Creek Chub)","Semotilus (Creek Chubs)","Leuciscidae (Minnows)","Semotilus atromaculatus","Creek Chub","Leuciscidae","Minnows","Semotilus","Creek Chubs","atromaculatus",NA,NA,NA
"110","NULL","163375","163374","1198935",NA,"Semotilus corporalis (Fallfish)","Semotilus (Creek Chubs)","Leuciscidae (Minnows)","Semotilus corporalis","Fallfish","Leuciscidae","Minnows","Semotilus","Creek Chubs","corporalis",NA,NA,NA
"111","NULL","163348","163347","1198935",NA,"Tinca tinca (Tench)","Tinca (Tenches)","Leuciscidae (Minnows)","Tinca tinca","Tench","Leuciscidae","Minnows","Tinca","Tenches","tinca",NA,NA,NA
"112","NULL","167678","167676","202002",NA,"Morone americana (White Perch)","Morone (Striped Basses)","Moronidae (Temperate Basses)","Morone americana","White Perch","Moronidae","Temperate Basses","Morone","Striped Basses","americana",NA,NA,NA
"113","NULL","167682","167676","202002",NA,"Morone chrysops (White Bass)","Morone (Striped Basses)","Moronidae (Temperate Basses)","Morone chrysops","White Bass","Moronidae","Temperate Basses","Morone","Striped Basses","chrysops",NA,NA,NA
"114","NULL","167681","167676","202002",NA,"Morone chrysops * saxatilis (White-Striped Bass (Hybrid))","Morone (Striped Basses)","Moronidae (Temperate Basses)","Morone chrysops * saxatilis","White-Striped Bass (Hybrid)","Moronidae","Temperate Basses","Morone","Striped Basses","chrysops * saxatilis",NA,NA,"Hybrid"
"115","NULL","167683","167676","202002",NA,"Morone mississippiensis (Yellow Bass)","Morone (Striped Basses)","Moronidae (Temperate Basses)","Morone mississippiensis","Yellow Bass","Moronidae","Temperate Basses","Morone","Striped Basses","mississippiensis",NA,NA,NA
"116","NULL","167680","167676","202002",NA,"Morone saxatilis (Striped Bass)","Morone (Striped Basses)","Moronidae (Temperate Basses)","Morone saxatilis","Striped Bass","Moronidae","Temperate Basses","Morone","Striped Basses","saxatilis",NA,NA,NA
"117","NULL","170335","170334","170333",NA,"Mugil cephalus (Striped Mullet)","Mugil (Gray Mullets)","Mugilidae (Mullet)","Mugil cephalus","Striped Mullet","Mugilidae","Mullet","Mugil","Gray Mullets","cephalus",NA,NA,NA
"118","NULL","162035","162038","162028",NA,"Mallotus villosus (Capelin)","Mallotus (Capelins)","Osmeridae (Smelts)","Mallotus villosus","Capelin","Osmeridae","Smelts","Mallotus","Capelins","villosus",NA,NA,NA
"119","NULL","162041","162038","162028",NA,"Osmerus mordax (Rainbow Smelt)","Osmerus (Smelt-Osmerus)","Osmeridae (Smelts)","Osmerus mordax","Rainbow Smelt","Osmeridae","Smelts","Osmerus","Smelt-Osmerus","mordax",NA,NA,NA
"120","NULL","168368","168357","168356",NA,"Etheostoma spectabile (Orangethroat Darter)","Etheostoma (Darters-Etheostoma)","Percidae (Perches, Walleyes, and Darters)","Etheostoma spectabile","Orangethroat Darter","Percidae","Perches, Walleyes, and Darters","Etheostoma","Darters-Etheostoma","spectabile",NA,NA,NA
"121","NULL","168449","168357","168356",NA,"Etheostoma zonale (Banded Darter)","Etheostoma (Darters-Etheostoma)","Percidae (Perches, Walleyes, and Darters)","Etheostoma zonale","Banded Darter","Percidae","Perches, Walleyes, and Darters","Etheostoma","Darters-Etheostoma","zonale",NA,NA,NA
"122","NULL","168520","168519","168356",NA,"Gymnocephalus cernuus (Ruffe)","Gymnocephalus (Ruffes)","Percidae (Perches, Walleyes, and Darters)","Gymnocephalus cernuus","Ruffe","Percidae","Perches, Walleyes, and Darters","Gymnocephalus","Ruffes","cernuus",NA,NA,NA
"123","NULL","168469","168468","168356",NA,"Perca flavescens (Yellow Perch)","Perca (Perch)","Percidae (Perches, Walleyes, and Darters)","Perca flavescens","Yellow Perch","Percidae","Perches, Walleyes, and Darters","Perca","Perch","flavescens",NA,NA,NA
"124","NULL","168472","168471","168356",NA,"Percina caprodes (Logperch)","Percina (Darters-Percina)","Percidae (Perches, Walleyes, and Darters)","Percina caprodes","Logperch","Percidae","Perches, Walleyes, and Darters","Percina","Darters-Percina","caprodes",NA,NA,NA
"125","NULL","650171","650162","168356",NA,"Sander canadensis (Sauger)","Sander (Walleyes)","Percidae (Perches, Walleyes, and Darters)","Sander canadensis","Sauger","Percidae","Perches, Walleyes, and Darters","Sander","Walleyes","canadensis",NA,NA,NA
"126","NULL","650172","650162","168356",NA,"Sander lucioperca (Zander)","Sander (Walleyes)","Percidae (Perches, Walleyes, and Darters)","Sander lucioperca","Zander","Percidae","Perches, Walleyes, and Darters","Sander","Walleyes","lucioperca",NA,NA,NA
"127","NULL","650173","650162","168356",NA,"Sander vitreus (Walleye)","Sander (Walleyes)","Percidae (Perches, Walleyes, and Darters)","Sander vitreus","Walleye","Percidae","Perches, Walleyes, and Darters","Sander","Walleyes","vitreus",NA,NA,NA
"128","NULL","Missing","650162","168356",NA,"Sander vitreus*canadensis (Walleye-Sauger (Hybrid))","Sander (Walleyes)","Percidae (Perches, Walleyes, and Darters)","Sander vitreus*canadensis","Walleye-Sauger (Hybrid)","Percidae","Perches, Walleyes, and Darters","Sander","Walleyes","vitreus*canadensis",NA,NA,"Hybrid"
"129","NULL","161088","161087","161085",NA,"Polyodon spathula (Paddlefish)","Polyodon (American Paddlefish)","Polyodontidae (Paddlefishes)","Polyodon spathula","Paddlefish","Polyodontidae","Paddlefishes","Polyodon","American Paddlefish","spathula",NA,NA,NA
"130","NULL","623384","161932","161931",NA,"Coregonus artedi (Cisco)","Coregonus (Whitefishes-Coregonus)","Salmonidae (Salmonids)","Coregonus artedi","Cisco","Salmonidae","Salmonids","Coregonus","Whitefishes-Coregonus","artedi",NA,NA,NA
"131","NULL","161933","161932","161931",NA,"Coregonus autumnalis (Arctic Cisco)","Coregonus (Whitefishes-Coregonus)","Salmonidae (Salmonids)","Coregonus autumnalis","Arctic Cisco","Salmonidae","Salmonids","Coregonus","Whitefishes-Coregonus","autumnalis",NA,NA,NA
"132","NULL","161941","161932","161931",NA,"Coregonus clupeaformis (Lake Whitefish)","Coregonus (Whitefishes-Coregonus)","Salmonidae (Salmonids)","Coregonus clupeaformis","Lake Whitefish","Salmonidae","Salmonids","Coregonus","Whitefishes-Coregonus","clupeaformis",NA,NA,NA
"133","NULL","161935","161932","161931",NA,"Coregonus laurettae (Berring Cisco)","Coregonus (Whitefishes-Coregonus)","Salmonidae (Salmonids)","Coregonus laurettae","Berring Cisco","Salmonidae","Salmonids","Coregonus","Whitefishes-Coregonus","laurettae",NA,NA,NA
"134","NULL","161936","161932","161931",NA,"Coregonus nasus (Broad Whitefish)","Coregonus (Whitefishes-Coregonus)","Salmonidae (Salmonids)","Coregonus nasus","Broad Whitefish","Salmonidae","Salmonids","Coregonus","Whitefishes-Coregonus","nasus",NA,NA,NA
"135","NULL","161937","161932","161931",NA,"Coregonus pidschian (Humpback Whitefish)","Coregonus (Whitefishes-Coregonus)","Salmonidae (Salmonids)","Coregonus pidschian","Humpback Whitefish","Salmonidae","Salmonids","Coregonus","Whitefishes-Coregonus","pidschian",NA,NA,NA
"136","NULL","161938","161932","161931",NA,"Coregonus sardinella (Least Cisco)","Coregonus (Whitefishes-Coregonus)","Salmonidae (Salmonids)","Coregonus sardinella","Least Cisco","Salmonidae","Salmonids","Coregonus","Whitefishes-Coregonus","sardinella",NA,NA,NA
"137","NULL","161987","161974","161931",NA,"Oncorhynchus aguabonita (Golden Trout)","Oncorhynchus (Pacific Salmons and Trouts)","Salmonidae (Salmonids)","Oncorhynchus aguabonita","Golden Trout","Salmonidae","Salmonids","Oncorhynchus","Pacific Salmons and Trouts","aguabonita",NA,NA,NA
"138","553415","161983","161974","161931","Oncorhynchus clarkii lewisi (Westslope Cutthroat Trout)","Oncorhynchus clarkii (Cutthroat Trout)","Oncorhynchus (Pacific Salmons and Trouts)","Salmonidae (Salmonids)","Oncorhynchus clarkii","Cutthroat Trout","Salmonidae","Salmonids","Oncorhynchus","Pacific Salmons and Trouts","clarkii","lewisi","Westslope Cutthroat Trout",NA
"139","914090","161983","161974","161931","Oncorhynchus clarkii behnkei (Snake River Cutthroat Trout)","Oncorhynchus clarkii (Cutthroat Trout)","Oncorhynchus (Pacific Salmons and Trouts)","Salmonidae (Salmonids)","Oncorhynchus clarkii","Cutthroat Trout","Salmonidae","Salmonids","Oncorhynchus","Pacific Salmons and Trouts","clarkii","behnkei","Snake River Cutthroat Trout",NA
"140","553416","161983","161974","161931","Oncorhynchus clarkii bouvieri (Yellowstone Cutthroat Trout)","Oncorhynchus clarkii (Cutthroat Trout)","Oncorhynchus (Pacific Salmons and Trouts)","Salmonidae (Salmonids)","Oncorhynchus clarkii","Cutthroat Trout","Salmonidae","Salmonids","Oncorhynchus","Pacific Salmons and Trouts","clarkii","bouvieri","Yellowstone Cutthroat Trout",NA
"141","201900","161983","161974","161931","Oncorhynchus clarkii clarkii (Coastal Cutthroat Trout)","Oncorhynchus clarkii (Cutthroat Trout)","Oncorhynchus (Pacific Salmons and Trouts)","Salmonidae (Salmonids)","Oncorhynchus clarkii","Cutthroat Trout","Salmonidae","Salmonids","Oncorhynchus","Pacific Salmons and Trouts","clarkii","clarkii","Coastal Cutthroat Trout",NA
"142","201902","161983","161974","161931","Oncorhynchus clarkii henshawi (Lahontan Cutthroat Trout)","Oncorhynchus clarkii (Cutthroat Trout)","Oncorhynchus (Pacific Salmons and Trouts)","Salmonidae (Salmonids)","Oncorhynchus clarkii","Cutthroat Trout","Salmonidae","Salmonids","Oncorhynchus","Pacific Salmons and Trouts","clarkii","henshawi","Lahontan Cutthroat Trout",NA
"143","553417","161983","161974","161931","Oncorhynchus clarkii macdonaldi (Yellowfin Cutthroat Trout)","Oncorhynchus clarkii (Cutthroat Trout)","Oncorhynchus (Pacific Salmons and Trouts)","Salmonidae (Salmonids)","Oncorhynchus clarkii","Cutthroat Trout","Salmonidae","Salmonids","Oncorhynchus","Pacific Salmons and Trouts","clarkii","macdonaldi","Yellowfin Cutthroat Trout",NA
"144","553429","161983","161974","161931","Oncorhynchus clarkii pleuriticus (Colorado River Cutthroat)","Oncorhynchus clarkii (Cutthroat Trout)","Oncorhynchus (Pacific Salmons and Trouts)","Salmonidae (Salmonids)","Oncorhynchus clarkii","Cutthroat Trout","Salmonidae","Salmonids","Oncorhynchus","Pacific Salmons and Trouts","clarkii","pleuriticus","Colorado River Cutthroat",NA
"145","553426","161983","161974","161931","Oncorhynchus clarkii seleniris (Paiute Cutthroat Trout)","Oncorhynchus clarkii (Cutthroat Trout)","Oncorhynchus (Pacific Salmons and Trouts)","Salmonidae (Salmonids)","Oncorhynchus clarkii","Cutthroat Trout","Salmonidae","Salmonids","Oncorhynchus","Pacific Salmons and Trouts","clarkii","seleniris","Paiute Cutthroat Trout",NA
"146","201901","161983","161974","161931","Oncorhynchus clarkii stomias (Greenback Cutthroat Trout)","Oncorhynchus clarkii (Cutthroat Trout)","Oncorhynchus (Pacific Salmons and Trouts)","Salmonidae (Salmonids)","Oncorhynchus clarkii","Cutthroat Trout","Salmonidae","Salmonids","Oncorhynchus","Pacific Salmons and Trouts","clarkii","stomias","Greenback Cutthroat Trout",NA
"147","553427","161983","161974","161931","Oncorhynchus clarkii utah (Bonneville Cutthroat Trout)","Oncorhynchus clarkii (Cutthroat Trout)","Oncorhynchus (Pacific Salmons and Trouts)","Salmonidae (Salmonids)","Oncorhynchus clarkii","Cutthroat Trout","Salmonidae","Salmonids","Oncorhynchus","Pacific Salmons and Trouts","clarkii","utah","Bonneville Cutthroat Trout",NA
"148","553427","161983","161974","161931","Oncorhynchus clarkii utah (Bear Lake Variant) (Bonneville-Bear Lake Cutthroat Trout)","Oncorhynchus clarkii (Cutthroat Trout)","Oncorhynchus (Pacific Salmons and Trouts)","Salmonidae (Salmonids)","Oncorhynchus clarkii","Cutthroat Trout","Salmonidae","Salmonids","Oncorhynchus","Pacific Salmons and Trouts","clarkii","utah (Bear Lake Variant)","Bonneville-Bear Lake Cutthroat Trout",NA
"149","553428","161983","161974","161931","Oncorhynchus clarkii virginalis (Rio Grande Cutthroat Trout)","Oncorhynchus clarkii (Cutthroat Trout)","Oncorhynchus (Pacific Salmons and Trouts)","Salmonidae (Salmonids)","Oncorhynchus clarkii","Cutthroat Trout","Salmonidae","Salmonids","Oncorhynchus","Pacific Salmons and Trouts","clarkii","virginalis","Rio Grande Cutthroat Trout",NA
"150","NULL","161983","161974","161931",NA,"Oncorhynchus clarkii (Cutthroat Trout)","Oncorhynchus (Pacific Salmons and Trouts)","Salmonidae (Salmonids)","Oncorhynchus clarkii","Cutthroat Trout","Salmonidae","Salmonids","Oncorhynchus","Pacific Salmons and Trouts","clarkii",NA,NA,NA
"151","NULL","161975","161974","161931",NA,"Oncorhynchus gorbuscha (Pink Salmon)","Oncorhynchus (Pacific Salmons and Trouts)","Salmonidae (Salmonids)","Oncorhynchus gorbuscha","Pink Salmon","Salmonidae","Salmonids","Oncorhynchus","Pacific Salmons and Trouts","gorbuscha",NA,NA,NA
"152","NULL","161976","161974","161931",NA,"Oncorhynchus keta (Chum Salmon)","Oncorhynchus (Pacific Salmons and Trouts)","Salmonidae (Salmonids)","Oncorhynchus keta","Chum Salmon","Salmonidae","Salmonids","Oncorhynchus","Pacific Salmons and Trouts","keta",NA,NA,NA
"153","NULL","161977","161974","161931",NA,"Oncorhynchus kisutch (Coho Salmon)","Oncorhynchus (Pacific Salmons and Trouts)","Salmonidae (Salmonids)","Oncorhynchus kisutch","Coho Salmon","Salmonidae","Salmonids","Oncorhynchus","Pacific Salmons and Trouts","kisutch",NA,NA,NA
"154","NULL","161989","161974","161931",NA,"Oncorhynchus mykiss (Rainbow Trout)","Oncorhynchus (Pacific Salmons and Trouts)","Salmonidae (Salmonids)","Oncorhynchus mykiss","Rainbow Trout","Salmonidae","Salmonids","Oncorhynchus","Pacific Salmons and Trouts","mykiss",NA,NA,NA
"155","Missing","161989","161974","161931","Oncorhynchus mykiss (Steelhead Rainbow Trout)","Oncorhynchus mykiss (Rainbow Trout)","Oncorhynchus (Pacific Salmons and Trouts)","Salmonidae (Salmonids)","Oncorhynchus mykiss","Rainbow Trout","Salmonidae","Salmonids","Oncorhynchus","Pacific Salmons and Trouts","mykiss",NA,"Steelhead Rainbow Trout",NA
"156","Missing","161989","161974","161931","Oncorhynchus mykiss (Kamloops Strain Rainbow Trout)","Oncorhynchus mykiss (Rainbow Trout)","Oncorhynchus (Pacific Salmons and Trouts)","Salmonidae (Salmonids)","Oncorhynchus mykiss","Rainbow Trout","Salmonidae","Salmonids","Oncorhynchus","Pacific Salmons and Trouts","mykiss",NA,"Kamloops Strain Rainbow Trout",NA
"157","Missing","161989","161974","161931","Oncorhynchus mykiss (Hatchery)","Oncorhynchus mykiss (Rainbow Trout)","Oncorhynchus (Pacific Salmons and Trouts)","Salmonidae (Salmonids)","Oncorhynchus mykiss","Rainbow Trout","Salmonidae","Salmonids","Oncorhynchus","Pacific Salmons and Trouts","mykiss",NA,"Hatchery",NA
"158","NULL","Missing","161974","161931",NA,"Oncorhynchus mykiss*clarkii (Rainbow-Cutthroat Trout (Hybrid))","Oncorhynchus (Pacific Salmons and Trouts)","Salmonidae (Salmonids)","Oncorhynchus mykiss*clarkii","Rainbow-Cutthroat Trout (Hybrid)","Salmonidae","Salmonids","Oncorhynchus","Pacific Salmons and Trouts","mykiss*clarkii",NA,NA,"Hybrid"
"159","Missing","161979","161974","161931","Oncorhynchus nerka (Kokanee Sockeye Salmon)","Oncorhynchus nerka (Sockeye Salmon)","Oncorhynchus (Pacific Salmons and Trouts)","Salmonidae (Salmonids)","Oncorhynchus nerka","Sockeye Salmon","Salmonidae","Salmonids","Oncorhynchus","Pacific Salmons and Trouts","nerka",NA,"Kokanee Sockeye Salmon",NA
"160","NULL","161979","161974","161931",NA,"Oncorhynchus nerka (Sockeye Salmon)","Oncorhynchus (Pacific Salmons and Trouts)","Salmonidae (Salmonids)","Oncorhynchus nerka","Sockeye Salmon","Salmonidae","Salmonids","Oncorhynchus","Pacific Salmons and Trouts","nerka",NA,NA,NA
"161","Missing","Missing","161974","161931","Oncorhynchus nerka-tshawytscha-kisutch (Landlocked Pacific Salmon Variant)","Oncorhynchus nerka-tshawytscha-kisutch (Landlocked Pacific Salmon Species)","Oncorhynchus (Pacific Salmons and Trouts)","Salmonidae (Salmonids)","Oncorhynchus nerka-tshawytscha-kisutch","Landlocked Pacific Salmon Species","Salmonidae","Salmonids","Oncorhynchus","Pacific Salmons and Trouts","nerka-tshawytscha-kisutch",NA,"Landlocked Pacific Salmon Variant",NA
"162","NULL","161980","161974","161931",NA,"Oncorhynchus tshawytscha (Chinook Salmon)","Oncorhynchus (Pacific Salmons and Trouts)","Salmonidae (Salmonids)","Oncorhynchus tshawytscha","Chinook Salmon","Salmonidae","Salmonids","Oncorhynchus","Pacific Salmons and Trouts","tshawytscha",NA,NA,NA
"163","NULL","553389","162007","161931",NA,"Prosopium coulterii (Pygmy Whitefish)","Prosopium (Whitefishes-Prosopium)","Salmonidae (Salmonids)","Prosopium coulterii","Pygmy Whitefish","Salmonidae","Salmonids","Prosopium","Whitefishes-Prosopium","coulterii",NA,NA,NA
"164","NULL","162008","162007","161931",NA,"Prosopium cylandraceum (Round Whitefish)","Prosopium (Whitefishes-Prosopium)","Salmonidae (Salmonids)","Prosopium cylandraceum","Round Whitefish","Salmonidae","Salmonids","Prosopium","Whitefishes-Prosopium","cylandraceum",NA,NA,NA
"165","NULL","162009","162007","161931",NA,"Prosopium williamsoni (Mountain Whitefish)","Prosopium (Whitefishes-Prosopium)","Salmonidae (Salmonids)","Prosopium williamsoni","Mountain Whitefish","Salmonidae","Salmonids","Prosopium","Whitefishes-Prosopium","williamsoni",NA,NA,NA
"166","NULL","161996","161994","161931",NA,"Salmo salar (Atlantic Salmon)","Salmo (Atlantic Salmons and Trout)","Salmonidae (Salmonids)","Salmo salar","Atlantic Salmon","Salmonidae","Salmonids","Salmo","Atlantic Salmons and Trout","salar",NA,NA,NA
"167","Missing","161996","161994","161931","Salmo salar (Landlocked Atlantic Salmon Variant)","Salmo salar (Atlantic Salmon)","Salmo (Atlantic Salmons and Trout)","Salmonidae (Salmonids)","Salmo salar","Atlantic Salmon","Salmonidae","Salmonids","Salmo","Atlantic Salmons and Trout","salar",NA,"Landlocked Atlantic Salmon Variant",NA
"168","NULL","161997","161994","161931",NA,"Salmo trutta (Brown Trout)","Salmo (Atlantic Salmons and Trout)","Salmonidae (Salmonids)","Salmo trutta","Brown Trout","Salmonidae","Salmonids","Salmo","Atlantic Salmons and Trout","trutta",NA,NA,NA
"169","Missing","161997","161994","161931","Salmo trutta (Seeforellen Strain Brown Trout)","Salmo trutta (Brown Trout)","Salmo (Atlantic Salmons and Trout)","Salmonidae (Salmonids)","Salmo trutta","Brown Trout","Salmonidae","Salmonids","Salmo","Atlantic Salmons and Trout","trutta",NA,"Seeforellen Strain Brown Trout",NA
"170","NULL","Missing","Missing","161931",NA,"Salmo*Salvelinus trutta*fontinalis (Brown-Brook Trout (Hybrid))","Salmo*Salvelinus (Atlantic Salmon*Chars)","Salmonidae (Salmonids)","Salmo*Salvelinus trutta*fontinalis","Brown-Brook Trout (Hybrid)","Salmonidae","Salmonids","Salmo*Salvelinus","Atlantic Salmon*Chars","trutta*fontinalis",NA,NA,"Hybrid"
"171","NULL","162004","161999","161931",NA,"Salvelinus confluentus (Bull Trout)","Salvelinus (Chars)","Salmonidae (Salmonids)","Salvelinus confluentus","Bull Trout","Salmonidae","Salmonids","Salvelinus","Chars","confluentus",NA,NA,NA
"172","NULL","162003","161999","161931",NA,"Salvelinus fontinalis (Brook Trout)","Salvelinus (Chars)","Salmonidae (Salmonids)","Salvelinus fontinalis","Brook Trout","Salmonidae","Salmonids","Salvelinus","Chars","fontinalis",NA,NA,NA
"173","NULL","162000","161999","161931",NA,"Salvelinus malma (Dolly Varden)","Salvelinus (Chars)","Salmonidae (Salmonids)","Salvelinus malma","Dolly Varden","Salmonidae","Salmonids","Salvelinus","Chars","malma",NA,NA,NA
"174","NULL","162002","161999","161931",NA,"Salvelinus namaycush (Lake Trout)","Salvelinus (Chars)","Salmonidae (Salmonids)","Salvelinus namaycush","Lake Trout","Salmonidae","Salmonids","Salvelinus","Chars","namaycush",NA,NA,NA
"175","Missing","162002","161999","161931","Salvelinus namaycush (Siscowet)","Salvelinus namaycush (Lake Trout)","Salvelinus (Chars)","Salmonidae (Salmonids)","Salvelinus namaycush","Lake Trout","Salmonidae","Salmonids","Salvelinus","Chars","namaycush",NA,"Siscowet",NA
"176","Missing","162002","161999","161931","Salvelinus namaycush (Lean Lake Trout)","Salvelinus namaycush (Lake Trout)","Salvelinus (Chars)","Salmonidae (Salmonids)","Salvelinus namaycush","Lake Trout","Salmonidae","Salmonids","Salvelinus","Chars","namaycush",NA,"Lean Lake Trout",NA
"177","NULL","Missing","161999","161931",NA,"Salvelinus namaycush*fontinalis (Brook-Lake Trout (Hybrid))","Salvelinus (Chars)","Salmonidae (Salmonids)","Salvelinus namaycush*fontinalis","Brook-Lake Trout (Hybrid)","Salmonidae","Salmonids","Salvelinus","Chars","namaycush*fontinalis",NA,NA,"Hybrid"
"178","NULL","162006","162005","161931",NA,"Stenodus leucichthys (Inconnu)","Stenodus (Whitefishes-Stenodus)","Salmonidae (Salmonids)","Stenodus leucichthys","Inconnu","Salmonidae","Salmonids","Stenodus","Whitefishes-Stenodus","leucichthys",NA,NA,NA
"179","NULL","162016","162015","161931",NA,"Thymallus arcticus (Arctic Grayling)","Thymallus (Graylings)","Salmonidae (Salmonids)","Thymallus arcticus","Arctic Grayling","Salmonidae","Salmonids","Thymallus","Graylings","arcticus",NA,NA,NA
"180","NULL","169364","169363","169237",NA,"Aplodinotus grunniens (Freshwater Drum)","Aplodinotus (Drums)","Sciaenidae (Drums)","Aplodinotus grunniens","Freshwater Drum","Sciaenidae","Drums","Aplodinotus","Drums","grunniens",NA,NA,NA
